{
    "Cars": 0.7877129710235046,
    "DTD": 0.3952127659574468,
    "EuroSAT": 0.42407407407407405,
    "GTSRB": 0.33950910530482975,
    "MNIST": 0.5203,
    "RESISC45": 0.5074603174603175,
    "SUN397": 0.558992443324937,
    "SVHN": 0.2867624462200369,
    "AVG.": 0.47750301542064333
}