{
    "Cars": 0.4729511254819052,
    "DTD": 0.7904255319148936,
    "EuroSAT": 0.2477777777777778,
    "GTSRB": 0.19469517022961202,
    "MNIST": 0.4348,
    "RESISC45": 0.37507936507936507,
    "SUN397": 0.49798488664987406,
    "SVHN": 0.2727412415488629,
    "AVG.": 0.41080688733528636
}