{
    "Cars": 0.4355179704016913,
    "DTD": 0.35,
    "EuroSAT": 0.9907407407407407,
    "GTSRB": 0.24133016627078385,
    "MNIST": 0.4416,
    "RESISC45": 0.31476190476190474,
    "SUN397": 0.5127959697732998,
    "SVHN": 0.16103257529194837,
    "AVG.": 0.4309724159050461
}