{
    "Cars": 0.4055465738092277,
    "DTD": 0.2521276595744681,
    "EuroSAT": 0.17962962962962964,
    "GTSRB": 0.9881235154394299,
    "MNIST": 0.4101,
    "RESISC45": 0.2534920634920635,
    "SUN397": 0.4174307304785894,
    "SVHN": 0.3579824830977259,
    "AVG.": 0.40805408194014176
}