{
    "Cars": 0.40094515607511505,
    "DTD": 0.2702127659574468,
    "EuroSAT": 0.1388888888888889,
    "GTSRB": 0.20570071258907363,
    "MNIST": 0.9965,
    "RESISC45": 0.27095238095238094,
    "SUN397": 0.4583375314861461,
    "SVHN": 0.5028810694529809,
    "AVG.": 0.40555231317525403
}