{
    "Cars": 0.49222733490859344,
    "DTD": 0.3393617021276596,
    "EuroSAT": 0.45925925925925926,
    "GTSRB": 0.21084718923198734,
    "MNIST": 0.514,
    "RESISC45": 0.9607936507936508,
    "SUN397": 0.5082619647355163,
    "SVHN": 0.20793638598647818,
    "AVG.": 0.4615859358803931
}