{
    "Cars": 0.480537246611118,
    "DTD": 0.3962765957446808,
    "EuroSAT": 0.4762962962962963,
    "GTSRB": 0.30063341250989706,
    "MNIST": 0.5466,
    "RESISC45": 0.5541269841269841,
    "SUN397": 0.7558186397984886,
    "SVHN": 0.23755377996312232,
    "AVG.": 0.4684803693813234
}