{
    "Cars": 0.4286780251212536,
    "DTD": 0.28191489361702127,
    "EuroSAT": 0.13925925925925925,
    "GTSRB": 0.3114014251781473,
    "MNIST": 0.8438,
    "RESISC45": 0.32571428571428573,
    "SUN397": 0.5040302267002519,
    "SVHN": 0.9749539028887523,
    "AVG.": 0.47621900230987135
}